{
  "detection accuracy": 0.9229345942072362,
  "detection error rate": 0.2596153564571255
}