{
  "detection accuracy": 0.9010234333472571,
  "detection error rate": 0.29733637204232566
}