{
  "detection accuracy": 0.9176755739484396,
  "detection error rate": 0.25081005465617373
}