{
  "detection accuracy": 0.8817773153343568,
  "detection error rate": 0.37131551228149784
}